Timestamp	How old are you?	How often do you purchase blind boxes?	Why do you enjoy collecting blind boxes?	When was the last time you purchased a blind box?	Do you dislike anything about the process of getting a blind box?	Tell us more about why you’ve selected the option(s) above.	Have you tried fixing this problem?	What solution worked/didn't work for you?	If a solution was provided, how much are you willing to pay for it?
13/12/2025 14:40:55	35 - 44	3	the cuteness factor 	Today 	not knowing what is inside	the risk of getting something i don’t want 	Yes	I have to spend more money 	
14/12/2025 14:56:57	25 - 34	4	I guess the excitement and the slight thrill from perhaps maybe getting the one you have been eyeing for.	Less than 15 days ago	Scalpers and resellers, Long queues, Desired item out of stock	It’s quite demotivating when you see the hobbie transform into a business.	No	I think the normal e-commerce platforms work just fine, it’s like just paying a premium for the ones you want.	
14/12/2025 16:40:42	25 - 34	1	Very fun	1 day ago	Long queues	Wasting my time	Yes	idk 	
14/12/2025 16:45:36	18 - 24	4	Yes	1 day ago	I actually enjoy the whole process!	It’s exciting seeing what one is inside 	No	Nothing to fix 	
14/12/2025 16:59:11	18 - 24	2	is cute	Less than 15 days ago	Long queues, Can't get item you want, Desired item out of stock	many people like to follow the trend blindly 	No		5
14/12/2025 17:00:55	18 - 24	5	For fun and release stress	1 day ago	I actually enjoy the whole process!	I can know a lot of new friends and also my new experience.	Yes	Need to queue so long to buy something	200
14/12/2025 17:02:58	18 - 24	1	Depend	More than 1 month ago	Desired item out of stock	No comment	No		50
14/12/2025 17:04:33	18 - 24	4	Beautiful designs	Less than 5 days ago	I actually enjoy the whole process!	Buying blind box is from my own desire	No	Buy them as a gift	35
14/12/2025 17:13:05	18 - 24	2	Very	1 day ago	Scalpers and resellers, Desired item out of stock	Dopamine hit is amazing 	No	Not getting what I want	0
14/12/2025 17:14:38	18 - 24	1	Unique design	More than 1 month ago	Can't get item you want	no able to get design that we want	No		10
14/12/2025 17:14:42	18 - 24	1	I like gambling 	More than 1 month ago	Desired item out of stock	Over prices	No	Idk	40
14/12/2025 17:15:34	18 - 24	2	Yes	Less than 15 days ago	Long queues, Can't get item you want	Can be tiring to stand in a long queue 	No		10
14/12/2025 17:15:36	18 - 24	5	Getting my favorite one plus getting rare one 	1 day ago	Scalpers and resellers	It's just annoying, they always scalp out the rare drops and sell them in high prices which makes it hard for us who genuinely buy it .	No	There's just no stopping scalpers unless the store it selfs put limits on purchase 	10
14/12/2025 17:16:22	25 - 34	2	It’s cute 	Less than 1 month ago	Long queues, Desired item out of stock	Tired of queuing 	No		10
14/12/2025 17:16:31	18 - 24	1	For fun	More than 1 month ago	Scalpers and resellers, Can't get item you want	Terrible luck in getting the ones I want 	No	Solution that worked personally is not gambling for blind boxes and im broke 	10
14/12/2025 17:16:31	18 - 24	2	I like Usagi & I’m a gambling addict	1 day ago	I actually enjoy the whole process!	I like gambling	Yes	I just decided that buying the one I want is easier than getting the one I don’t want	10
14/12/2025 17:16:31	18 - 24	1	Because i like collecting figurines and i got the excitement since i dont know the exact item I'm getting.	1 day ago	Long queues	The long queue makes me tired easily and i lose my mood sometimes so i dont get excited as much as before. 	Yes	I queue with my friends so at least i got to talk about something with them while waiting.	10
14/12/2025 17:18:29	Below 18	5	i just enjoy the feeling of opening something that i wont know what i will get inside, collecting some little figurines	Less than 5 days ago	Long queues	queue too long just to get boxes of figurines inside	No	just go to the shop with less people	0
14/12/2025 17:25:27	18 - 24	4	yes i do	Less than 1 month ago	I actually enjoy the whole process!	i know its a trend and its funny when you opened it with friends	No		10
14/12/2025 17:30:27	25 - 34	1	Yes	Less than 15 days ago	I actually enjoy the whole process!	Its cute	No		50
14/12/2025 17:31:41	25 - 34	1	coping mechanism 	1 day ago	Scalpers and resellers	can’t get it at retail price	No		0
14/12/2025 17:33:41	18 - 24	5	Because the design are cute and also attractive 	Less than 15 days ago	Scalpers and resellers, Long queues, Can't get item you want, Desired item out of stock, I actually enjoy the whole process!, Also can't get the item I want	Because some of the reseller they sell in the price that is not logic. They mark up high price. Some of the stock they don't restock. Some of it is the item very hard to get 	Yes	See the red note and try to find for item I want 	70
14/12/2025 17:51:02	18 - 24	3	Love the excitement of opening 	1 day ago	Can't get item you want	Got one that I hate before	No	-	20
14/12/2025 17:51:29	25 - 34	1	My girlfriend loves them	1 day ago	Long queues, Can't get item you want	Rarely getting the one I want	No	Buying opened blind box - works	10
14/12/2025 17:56:57	18 - 24	3	collaboration	Less than 1 month ago	Scalpers and resellers, Can't get item you want, Desired item out of stock	.	No	.	10
14/12/2025 18:27:56	18 - 24	2	Interested in the set/ collection 	Less than 1 month ago	Scalpers and resellers, Can't get item you want, Desired item out of stock	Sometimes the hot items that I wanted may be easily out of stock due to resellers and I have to wait a longtime 	No		50
14/12/2025 19:13:28	18 - 24	1	I don’t 	Less than 15 days ago	Can't get item you want	There’s a chance the item you get isn’t the one you hoped for or if you get a second blind box, you get two of the same items instead of different ones 	No	Shaking might have worked but it’s hard to tell from the weights and sounds 	10
14/12/2025 19:14:54	18 - 24	1	The feeling of getting the one you like 	More than 1 month ago	Long queues, Desired item out of stock	Waste my time queueing 	No	Still need queue anyways 	50
14/12/2025 19:18:47	18 - 24	1	I don't really...	More than 1 month ago	Long queues	Queues discourage me.	No		100
14/12/2025 19:20:46	18 - 24	1	It’s fun 	More than 1 month ago	Can't get item you want	Its fun to have a personal collection that might be rare someday 	No	None	15
14/12/2025 19:21:24	25 - 34	2	The suspense of opening them	1 day ago	I actually enjoy the whole process!	I just enjoyed getting blind boxes	No	Ur question doesnt correlate w my answer	0
14/12/2025 19:22:32	18 - 24	1	Merely for the specific IP collection 	More than 1 month ago	I actually enjoy the whole process!	-	No	-	10
14/12/2025 19:30:31	18 - 24	1	I don't 	More than 1 month ago	Scalpers and resellers, Long queues, Can't get item you want, Desired item out of stock	Dude I don't buy them	No	I don't buy them	0.5
14/12/2025 19:37:23	18 - 24	1	Excited about what I will get	More than 1 month ago	Long queues, Can't get item you want, Desired item out of stock	Can't stand crowds, hate it when labubu out of stock	No		10
14/12/2025 19:44:50	25 - 34	2	cute designs and the surprise part	1 day ago	Long queues, i guess the waste afterwards	you spend like a lot of money buying blind boxes and they don’t necessary have to be from popmart nowadays there are so many different variations depend on what you like. i feel like the con part is the waste of having alot of stuff afterwards especially if you buy multiple boxes of the same series and you can get duplicates. 	No		0
14/12/2025 19:47:25	18 - 24	4	Temptation to follow the trend,and they're just so cute!	Less than 5 days ago	Scalpers and resellers, Long queues	I only wanna buy the original priced one	No		10
14/12/2025 19:50:38	18 - 24	2	I enjoy the process where we open the blind box , especially when you are opening it with friends or family	More than 1 month ago	Can't get item you want, I actually enjoy the whole process!	I enjoy the opening process very much , but I'd I can't get the one I like the most I might feel abit sad but I will still keep it 	No	No	40
14/12/2025 19:54:20	25 - 34	1	Would enjoy fun surprises, usually have snacks haha	More than 1 month ago	X tau haha	-	No		67
14/12/2025 19:55:38	18 - 24	3	no	Less than 15 days ago	Can't get item you want	having to gamble my chances is what i dislike 	No	no	150
14/12/2025 20:03:56	18 - 24	1	Design is cute (has the aesthetics), affordable price	More than 1 month ago	Can't get item you want, Desired item out of stock	Blind box has the randomness, so if can’t get the item i like, it’s kinda disappointing 	Yes	Try to buy online from the sellers that sell the exact item in the blind box 	10
14/12/2025 20:08:42	18 - 24	1	Decoration, cute	More than 1 month ago	Scalpers and resellers, Long queues, Sometimes people would do anything to get what they wanted.	Sometimes the resellers are not trustworthy and the items are overpriced. People can get too crazy just to get what they want.	No		20
14/12/2025 20:09:03	18 - 24	1	It's figure design	More than 1 month ago	The price	Even though I rarely buy blind boxes, most of them are truly expensive from what I know, especially the limited edition one	No		25
14/12/2025 20:21:30	25 - 34	3	Personally like the character	Less than 15 days ago	Long queues, Can't get item you want, Desired item out of stock	Sometimes just wanted to go in and have a look or wanted to get one, its either super long queue or its out of stock but have already spent an hour queueing up	No	No	30
14/12/2025 20:22:58	18 - 24	1	I like the dopamine hit I get from wasting money and participating in capitalism 	More than 1 month ago	Scalpers and resellers, Long queues, Can't get item you want, Desired item out of stock, I'm broke	1)Scalpers piss me off cause they make TS go out of stock and then they sell it at like an insane mark up. Low-key they have pretty punchable faces so that's what I do to deal with the frustration especially the ones that scalp Pokémon cards like grow up goddamn.  2)I don't like waiting. 3)I feel like sad and shit if I can't get the one I want. 4)Bro just make more. Are they dumb	Yes	Getting a job and quitting worked pretty well so far	0
14/12/2025 20:25:25	Below 18	4	yes of course	Less than 5 days ago	I actually enjoy the whole process!	-	No	-	60
14/12/2025 20:26:12	18 - 24	2	Fun	Less than 15 days ago	Long queues	Impatient 	No		10
14/12/2025 20:29:12	18 - 24	1	In hopes of getting the character I like	More than 1 month ago	Can't get item you want	You have to risk getting items you dislike when getting blind boxes in comparison to just buying a specific item that you want	No		60
14/12/2025 20:32:05	18 - 24	4	The adrenaline	1 day ago	Scalpers and resellers	I spend way too much	No		20
14/12/2025 20:33:04	25 - 34	2	Because I like the particular series 	More than 1 month ago	Long queues, Can't get item you want	Because time issue, and imagine you spent RM50 get something you don’t like 	No	Just try not to buy so much 	20
14/12/2025 20:47:35	18 - 24	2	Cuz i may earn money	Less than 15 days ago	Scalpers and resellers	They make me unable to buy	No		1000
14/12/2025 20:54:49	Below 18	2	I want to test my luck 	Less than 1 month ago	Can't get item you want	I got bad luck 	No		60
14/12/2025 20:56:28	18 - 24	3	Hope that my luck always at my side	More than 1 month ago	Desired item out of stock	Bcuz hot items 	No	How u wan me to fix, change to buy the next item? 	100
14/12/2025 20:59:51	18 - 24	2	Fomo	Less than 5 days ago	Scalpers and resellers, Can't get item you want, Desired item out of stock	. 	Yes	Buy from third party to get desired item even if it means paying a little extra 	67
14/12/2025 21:02:42	Below 18	1	I don’t enjoy collect but I buy it because it has the one I want	More than 1 month ago	Can't get item you want, Desired item out of stock	I tend to try and pick blind boxes with the options THAY I like more	No		10
14/12/2025 21:12:04	18 - 24	2	Fun	More than 1 month ago	Can't get item you want, Desired item out of stock	Idk	No		1
14/12/2025 21:19:27	18 - 24	2	Cute; i only collect those collab with favourite characters, more like a emotional attachment to the characters 	Less than 1 month ago	Scalpers and resellers, Desired item out of stock	Resellers make the item out of stock and sell it at a very ridiculous price; the brand does not restock on time also, somewhat working together with the resellers. saw them prioritising resellers before normal customers 	Yes	reporting to higher up	30
14/12/2025 21:26:42	18 - 24	1	To see whether i get the same one or can add new one to my collection	More than 1 month ago	Scalpers and resellers, Can't get item you want, Desired item out of stock	Scalpers are annoying 	No		20
14/12/2025 21:27:48	18 - 24	1	I don’t collect blind boxes	More than 1 month ago	I don’t buy blind boxes	Because I don’t buy blind boxes	No		0
14/12/2025 21:33:08	18 - 24	1	no	More than 1 month ago	Long queues	long queue bruh	No		6.7
14/12/2025 21:48:59	18 - 24	1	Cute appearance	More than 1 month ago	Scalpers and resellers, Long queues, Can't get item you want	Waste time and drain passion	No	No	100
14/12/2025 21:56:31	18 - 24	1	Don’t enjoy too expensive	More than 1 month ago	Can't get item you want	Not worth the price	No		20
14/12/2025 22:01:34	18 - 24	1	I don't. It is a waste of money and space. 	More than 1 month ago	Seeing people who are not financially stable getting more boxes than they should have just because it is trendy. 	I feel that blind box is a glamorize gambling. You are addicted for an item that is only for showcase. 	No	You can't change people's mindset if they are too stuborn to listen. 	0
14/12/2025 22:09:58	18 - 24	1	The hype and trend	More than 1 month ago	Long queues	its just a waste of time	No		10
14/12/2025 22:13:10	18 - 24	3	I like the thrill	More than 1 month ago	Long queues, Can't get item you want, Desired item out of stock, Money.	Sometimes I feel it's not wise to spend that much on blind boxes, I spend when I really can / should only	Yes	Question and reflect on my choices for a few days or months to see if I still have the desire to buy the box, if I do then I still buy it 	30
14/12/2025 22:39:19	18 - 24	2	Outside id say cuz it looks cute But deep diwn i know its cuz of Clout	More than 1 month ago	Meh	I do it for clout 	No		10
14/12/2025 22:47:31	18 - 24	2	girlfriend	More than 1 month ago	Can't get item you want, Desired item out of stock	always our of stock for the popular ones	No	i dont think theres any solution to that other than getting insider infos on when they restock	0
14/12/2025 22:47:46	18 - 24	1	if the toys are cute, i don’t mind collecting 	More than 1 month ago	Can't get item you want	never knowing if i am paying money for a toy that i might not like 	Yes	not buying blind boxes, but buying things i can see 	35
14/12/2025 22:49:07	18 - 24	1	Unexpectedness of things make the product more interesting. 	More than 1 month ago	Desired item out of stock	It is very quickly out of stock always	No		40
14/12/2025 22:58:47	18 - 24	1	i dont really enjoy collecting blind boxes	More than 1 month ago	Scalpers and resellers, Can't get item you want	the chances are very small 	No		10
14/12/2025 23:01:52	18 - 24	5	braging rights	Less than 1 month ago	Long queues, Can't get item you want, Desired item out of stock	because long queues, i cant get item that i want, and my desired items is out of stock	No		10
14/12/2025 23:29:31	35 - 44	2	is a surprise for myself 	Less than 1 month ago	Scalpers and resellers, Long queues	The combination of these factors makes the hobby stressful rather than fun. It feels unfair that scalpers wipe out the stock instantly, forcing genuine fans to queue for hours. After investing so much time and effort into queuing, it is incredibly frustrating to finally buy a box and still not get the specific item I wanted. The return on investment (time and money) just feels too low.	Yes	Buying from the official outlet or shop online to avoid the long queue or scalpers	50
14/12/2025 23:30:12	25 - 34	2	It’s the character I like	More than 1 month ago	Can't get item you want, Desired item out of stock	I hate paying to get item I don’t want, so I only buy random box which I wouldn’t mind getting any item among the options	Yes	Don’t buy blind box	50
14/12/2025 23:36:24	18 - 24	3	To obtain the specific character I want from the collection	Less than 15 days ago	Scalpers and resellers, Can't get item you want, Desired item out of stock	Resellers who buy bulks of an item causing it to be sold out is annoying and then selling at a higher price doesn’t feel ethical	No		80
15/12/2025 00:08:50	18 - 24	1	I don’t, I only bought it once because i liked all the designs featured and the blind box was cheap	More than 1 month ago	Scalpers and resellers, Long queues, Can't get item you want, Desired item out of stock	Blind box as a whole feels like legalised gambling especially now that it’s getting more well-known. (Also wasting RM100 on a chance of getting a model that you may hate is crazy)	No		30
15/12/2025 00:36:46	18 - 24	4	The anticipation of hoping to get what i want	More than 1 month ago	Scalpers and resellers, Long queues, Desired item out of stock	Wait to long,pay too much,no item :(	No	-	60