,id,name,description,imageUrl,totalItems
0,10,Luminous Reverie Series, ,https://cdn.prod.website-files.com/65d92e68000f827cfefa05e5/69409ca923a8459a2d1c2b62_Luminous%20Reverie%20Series%20thumb.webp,13
1,11,Angel's Poem Series, ,https://cdn.prod.website-files.com/65d92e68000f827cfefa05e5/69409bbb3bbd0146006cded3_Angel%27s%20Poem%20Series%20tji%2Cb.webp,13
2,12,Ethereal Realm: Mythical Beasts Series, ,https://cdn.prod.website-files.com/65d92e68000f827cfefa05e5/694099d523805a52b6fc190f_Ethereal%20Realm%20Mythical%20Beasts%20thumb.webp,13
3,13,Baby Molly Winter Fit Check Series-Vinyl Plush Pendant, ,https://cdn.prod.website-files.com/65d92e68000f827cfefa05e5/693caf150a4aacdf21b50f53_Baby%20Molly%20Winter%20Fit%20Check%20Series-Vinyl%20Plush%20Pendant%20thumb.webp,7
4,14,Road Journal Series-Plush Doll Pendant Series, ,https://cdn.prod.website-files.com/65d92e68000f827cfefa05e5/693cad51ad7840c904c5ac60_Road%20Journal%20Series-Plush%20Doll%20Pendant%20thumb.webp,7
5,15,Pucky x Kenny x Kila Yutong Series, ,https://cdn.prod.website-files.com/65d92e68000f827cfefa05e5/693ac7a20f9840785926eaac_Pucky%20x%20Kenny%20x%20Kila%20Yutong%20Serries%20thumb.webp,0
6,16,CRYING TO THE MOON-SITTING SERIES, ,https://cdn.prod.website-files.com/65d92e68000f827cfefa05e5/6934700de973dd0d3d66ea50_CRYING%20TO%20THE%20MOON-SITTING%20SERIES%20thumb.webp,13
7,17,Little Foodie Series Action Figure BJD, ,https://cdn.prod.website-files.com/65d92e68000f827cfefa05e5/69232aa0336d232181b14830_Little%20Foodie%20Series%20Action%20Figure%20BJD%20thumb.webp,0
8,18,POP BEAN Fluffy & Cozy Series-Plush Pendant, ,https://cdn.prod.website-files.com/65d92e68000f827cfefa05e5/6921aac7b92287d7ed200fe3_POP%20BEAN%20Fluffy%20%26%20Cozy%20Series-Plush%20Pendant%20thumb.webp,7
9,19,The Forgotten Land Series, ,https://cdn.prod.website-files.com/65d92e68000f827cfefa05e5/6921a83641d0558fa4f86554_The%20Forgotten%20Land%20Series%20thumb.webp,13
10,20,POP BEAN Fluffy & Cozy Series, ,https://cdn.prod.website-files.com/65d92e68000f827cfefa05e5/6921a50f4923fc23e2aea4e1_POP%20BEAN%20Fluffy%20%26%20Cozy%20Series%20thumb.webp,17
11,21,Monster Baby Collection Series Plush Pendant Ver.1, ,https://cdn.prod.website-files.com/65d92e68000f827cfefa05e5/6920fe9711a713f09f28d8e1_Monster%20Baby%20Collection%20Series%20Plush%20Pendant%20thumb.webp,8
12,22,Where’s the Elephant Slide Series, ,https://cdn.prod.website-files.com/65d92e68000f827cfefa05e5/6920fc26b69bab4caba57f07_Where%E2%80%99s%20the%20Elephant%20Slide%20Series%20thumb.webp,13
13,23,Whispers of My World Series, ,https://cdn.prod.website-files.com/65d92e68000f827cfefa05e5/691d00f6ec3946a75a3f7765_Whispers%20of%20My%20World%20Series%20thumb.webp,13
14,24,Apple of My Eye Series, ,https://cdn.prod.website-files.com/65d92e68000f827cfefa05e5/691728bce38abbbab41e2c6a_Apple%20of%20My%20Eye%20Series%20thumb.webp,7
15,25,POP BEAN Winter Romance Series, ,https://cdn.prod.website-files.com/65d92e68000f827cfefa05e5/690fcae0ae4ed5d6b5df561d_POP%20BEAN%20Winter%20Romance%20Series%20thumb.webp,10
16,26,The Winter of Gifts Series, ,https://cdn.prod.website-files.com/65d92e68000f827cfefa05e5/690fc7a98a821254a7f2821b_The%20Winter%20of%20Gifts%20Series%20thumb.webp,13
17,27,Season 2 <Hidden Forest Path Series>, ,https://cdn.prod.website-files.com/65d92e68000f827cfefa05e5/690fc60796a0ed23afc600b7_Season%202%20Hidden%20Forest%20Path%20Series%20thumb.webp,13
18,28,1:00 A.M. Series Figures, ,https://cdn.prod.website-files.com/65d92e68000f827cfefa05e5/690fc375ffe127c4e78eb325_time%20series.webp,11
19,29,Beanie Flying Babies Series Plush Pendant, ,https://cdn.prod.website-files.com/65d92e68000f827cfefa05e5/690690b499eda15c2bf617fa_Beanie%20Flying%20Babies%20Series%20thumb.webp,7
20,30,Journal of New Life Series-Vinyl Plush Pendan, ,https://cdn.prod.website-files.com/65d92e68000f827cfefa05e5/69068c58a94277825473deb8_Journal%20of%20New%20Life%20Series-Vinyl%20Plush%20Pendan%20thumb.webp,7
21,31,Vacation Mode On Series-Vinyl Plush Pendant, ,https://cdn.prod.website-files.com/65d92e68000f827cfefa05e5/68fb6f15d671347c870bb651_vacation%20thumb.webp,7
22,32,The Feast Begins Series, ,https://cdn.prod.website-files.com/65d92e68000f827cfefa05e5/68fb6d3a1a671bc4048f7d8f_feast%20begins.webp,13
23,33,POP BEAN Celebrate This Moment Series, ,https://cdn.prod.website-files.com/65d92e68000f827cfefa05e5/68f37bfb68fa1d68f75431be_POP%20BEAN%20Celebrate%20This%20Moment%20Series%20thumb.webp,15
24,34,Celebrating the Moment POP MART 15th Anniversary Series, ,https://cdn.prod.website-files.com/65d92e68000f827cfefa05e5/68f26973c78438e627319bcb_Celebrating%20the%20Moment%20POP%20MART%2015th%20Anniversary%20Series%20thumb.webp,16
25,35,Sad Zoo Day Series, ,https://cdn.prod.website-files.com/65d92e68000f827cfefa05e5/68f265744c2ef6edeec6a197_Sad%20Zoo%20Day%20thumb.webp,11
26,36,Mini Sad Zoo Day Series, ,https://cdn.prod.website-files.com/65d92e68000f827cfefa05e5/68f152add2dfe269fd5a4258_Sad%20Zoo%20Day%20Series%20series.webp,0
27,37,Molly & Zootopia2 Series Action Figure BJD, ,https://cdn.prod.website-files.com/65d92e68000f827cfefa05e5/68ea76e1f4c98e01d9c5e8b3_Molly%20%26%20Zootopia2%20Series%20Action%20Figure%20BJD%20thumb.webp,5
28,38,MOLLY × Zootopia Co-branded Series, ,https://cdn.prod.website-files.com/65d92e68000f827cfefa05e5/68ea750659cfb7b513b87119_MOLLY%20%C3%97%20Zootopia%20Co-branded%20Series%20%20thumb.webp,13
29,39,Monsters' Carnival Series Figures, ,https://cdn.prod.website-files.com/65d92e68000f827cfefa05e5/68ea7358c52c32b04afb8f31_Hirono%20Monsters%27%20Carnival%20Series%20Figures%20thumb.webp,7
30,40,Why So Serious Series, ,https://cdn.prod.website-files.com/65d92e68000f827cfefa05e5/68d67cac276823ad9f9d3521_Why%20So%20Serious%20Series%20thumb.webp,0
31,41,Savor the Moment Series, ,https://cdn.prod.website-files.com/65d92e68000f827cfefa05e5/68d008ccb823b1ae93536845_Savor%20the%20Moment%20Series%20thumb.webp,13
32,42,Savor The Moment Series - Fresh-Baked Mini Cookies Plush Pendant, ,https://cdn.prod.website-files.com/65d92e68000f827cfefa05e5/68d007d94610290b46f6ec23_Savor%20The%20Moment%20Series%20-%20Fresh-Baked%20Mini%20Cookies%20Plush%20Pendant%20Blind%20Box%20thumb.webp,7
33,43,Zsiga × Care Bears Series, ,https://cdn.prod.website-files.com/65d92e68000f827cfefa05e5/68cf23f2f490a7916099dea9_Zsiga%20%C3%97%20Care%20Bears%20Series%20thumb.webp,13
34,44,"POP BEAN Goodnight, Night Sky Series", ,https://cdn.prod.website-files.com/65d92e68000f827cfefa05e5/68cf2296b823b1ae933ee9ba_POP%20BEAN%20Lighting%20the%20Night%20Sky%20Series%20thumb.webp,19
35,45,POP BEAN Coffee Factory Series-Plush Pendant, ,https://cdn.prod.website-files.com/65d92e68000f827cfefa05e5/68c5be52004f49b753f7b2ce_pop%20bean%20coffee%20bean%20plush%20pendant%20thumb.webp,5
36,46,Celebrate Ordinary Days Series Scene Sets, ,https://cdn.prod.website-files.com/65d92e68000f827cfefa05e5/68c5b983e83ded5e04915d82_Celebrate%20Ordinary%20Days%20Series%20Scene%20Sets%20thummb.webp,11
37,47,The Missing Day Series, ,https://cdn.prod.website-files.com/65d92e68000f827cfefa05e5/68c48df8707397dbd4bf8da8_The%20Missing%20day%20thumb.webp,13
38,48,You Found Me! Series Plush Doll Pendant, ,https://cdn.prod.website-files.com/65d92e68000f827cfefa05e5/68bac0f0771a8359509436e9_you%20found%20me%20thumb.webp,10
39,49,Colorful Universe - Yoyo Yeung Hand Painted Off ver Series, ,https://cdn.prod.website-files.com/65d92e68000f827cfefa05e5/68ba08ddcf066041adcecee7_Colorful%20Universe%20-%20Yoyo%20Yeung%20Hand%20Painted%20Off%20ver%20thumb.webp,12
40,50,Baby Molly Fruity Aroma Series, ,https://cdn.prod.website-files.com/65d92e68000f827cfefa05e5/68b22995727c13ad65a2dc33_Baby%20Molly%20Fruity%20Aroma%20thumb.webp,7
41,51,Never Grows Up Series, ,https://cdn.prod.website-files.com/65d92e68000f827cfefa05e5/68aa39b8c77b7e37936711a0_Duckyo%20Never%20Grows%20Up%20Series%20thumb.webp,13
42,52,Pin for Love Series-Vinyl Plush Pendant, ,https://cdn.prod.website-files.com/65d92e68000f827cfefa05e5/68aa15a51e49da8322816a6b_pin%20into%20love%20thumb.webp,30
43,53,Sleepover Series, ,https://cdn.prod.website-files.com/65d92e68000f827cfefa05e5/68aa120e04a6599d29158298_sleepover%20thumb.webp,13
44,54,Light Up Series Scene Sets, ,https://cdn.prod.website-files.com/65d92e68000f827cfefa05e5/68a25c279bb7f89fb1a4acd4_light%20it%20up%20thumb.webp,10
45,55,Sweet Dreams Forecast Series-Plush Pendant, ,https://cdn.prod.website-files.com/65d92e68000f827cfefa05e5/68a25a8a2bddc5018dac7cc0_sweet%20dreams%20thumb.webp,7
46,56,Dream Melody Series Blocks, ,https://cdn.prod.website-files.com/65d92e68000f827cfefa05e5/6895ee6487fac3c861fe6fa5_dream%20melody.webp,0
47,57,POP BEAN Coffee Factory, ,https://cdn.prod.website-files.com/65d92e68000f827cfefa05e5/6890f9b4203ddef4f6348118_coffee%20factory%20thumb.webp,0
48,58,Crush on Coffee Series-Soft-faced Plush Keychain, ,https://cdn.prod.website-files.com/65d92e68000f827cfefa05e5/688d38bd4eb848e4a7b27a2a_coffee%20dolls%20thumb.webp,7
49,59,City of Sunset Series, ,https://cdn.prod.website-files.com/65d92e68000f827cfefa05e5/688d375a3d5e140effbdb22f_city%20of%20sunset%20thumb.webp,22
50,60,Romantic Ring Box Series 4 Scene Sets, ,https://cdn.prod.website-files.com/65d92e68000f827cfefa05e5/688d07b8fb98330d2c4c4109_romantic%20ring%20four%20htumb.png,13
51,61,Carry The Music Series POP BLOCK Pendant Exclusive, ,https://cdn.prod.website-files.com/65d92e68000f827cfefa05e5/6883e0cfad6854d3b40c3430_Carry%20The%20Music%20Series%20POP%20BLOCK%20Pendant%20thumb.webp,202
52,62,MEGA SPACE MOLLY 100% Series4, ,https://cdn.prod.website-files.com/65d92e68000f827cfefa05e5/6883da5945e6b9cbbf82c1d1_series%20four%20thumb.png,14
53,63,I am the Seasons Series, ,https://cdn.prod.website-files.com/65d92e68000f827cfefa05e5/687ab4b3d7cb25e6ab87a715_seasons%20nyota%20thumb.webp,22
54,64,Sweet Like Me Series, ,https://cdn.prod.website-files.com/65d92e68000f827cfefa05e5/6868f7d05499af0f5ad5c89f_sweet%20pino%20jely%20thumb.webp,14
55,65,Shapes in Nature Series, ,https://cdn.prod.website-files.com/65d92e68000f827cfefa05e5/6867b5246b37681112ef9899_shapes%20of%20water%20thumb.webp,22
56,66,Egg Beanie Series Figures, ,https://cdn.prod.website-files.com/65d92e68000f827cfefa05e5/685eda1850b97473ed56e4d1_pucky%20egg%20series%20thumb.webp,13
57,67,Create Your Taste Series, ,https://cdn.prod.website-files.com/65d92e68000f827cfefa05e5/6856915dab4c5795d584bc85_twinkle%20twinkle%20taste%20thumb.webp,24
58,68,Paradox Series, ,https://cdn.prod.website-files.com/65d92e68000f827cfefa05e5/6855594c182c508deb972f47_paradox%20thumb.webp,13
59,69,POP BEAN Ice Cream Series, ,https://cdn.prod.website-files.com/65d92e68000f827cfefa05e5/68502ddf83615deed263d77b_pop%20bean%20ice%20cream%20thumb.webp,0
60,70,Gummy Bear Series-Vinyl Plush Pendant, ,https://cdn.prod.website-files.com/65d92e68000f827cfefa05e5/684d8c91ab39a043514bf549_hacipupu%20gummy%20plush%20thumb.webp,7
61,71,Take it Slow Series, ,https://cdn.prod.website-files.com/65d92e68000f827cfefa05e5/68555809276203ae43804de0_z%20take%20it%20slow%20thumb.webp,13
62,72,In the Still Room Series, ,https://cdn.prod.website-files.com/65d92e68000f827cfefa05e5/684423a156465e6f3a063cdb_inosoul%20in%20the%20still%20room%20thumb.webp,24
63,73,Wacky Mart Series, ,https://cdn.prod.website-files.com/65d92e68000f827cfefa05e5/68430f8c3cc2d24734061c71_the%20monsters%20wacky%20mart%20thumb.webp,13
64,74,MEGA SPACE Molly Blooming Series, ,https://cdn.prod.website-files.com/65d92e68000f827cfefa05e5/68398a8b9a5628f868401c6f_blooming%20molly%20smega%20space%20thumb.webp,17
65,75,L'impressionnisme Vinyl Plush Pendant Series, ,https://cdn.prod.website-files.com/65d92e68000f827cfefa05e5/683989093afc6e845d6d2fee_Impression%20skullpanda%20thumb.webp,10
66,76,Muckey Plush Pendant Series, ,https://cdn.prod.website-files.com/65d92e68000f827cfefa05e5/68331cb39c216dd1883c685e_mickey%20plush%20thumb.avif,6
67,77,Muckey Celebration Gift Series, ,https://cdn.prod.website-files.com/65d92e68000f827cfefa05e5/6831d4ae37cebb739396dfbb_mickey%20celebration%20thumb.avif,7
68,78,Rolling Time Machine Series, ,https://cdn.prod.website-files.com/65d92e68000f827cfefa05e5/6830c673290bb53e57bb8f29_roling%20hacipupu%20thumb.avif,13
69,79,Forest Secret Base Series Blocks Part 2, ,https://cdn.prod.website-files.com/65d92e68000f827cfefa05e5/682e42a54368c59a82bf9002_forest%20base%202%20thumb.avif,4
70,80,Pocket Friends Vinyl Plush Pendant Series, ,https://cdn.prod.website-files.com/65d92e68000f827cfefa05e5/68273a28f0c423b38865bf4d_molly%20pocket%20friends%20thumb.avif,7
71,81,Baby Molly & Baby Tabby Series, ,https://cdn.prod.website-files.com/65d92e68000f827cfefa05e5/682738be5bd5a530a10c8952_baby%20tabby%20molly%20thumb.avif,13
72,82,MEGA SPACE Jon Bergman Space Cadets Series, ,https://cdn.prod.website-files.com/65d92e68000f827cfefa05e5/6825d8d251df46a0a935bd44_space%20jon%20berg%20thumb.avif,7
73,83,We are Twinkle Twinkle Series-Plush Pendant, ,https://cdn.prod.website-files.com/65d92e68000f827cfefa05e5/681e2fac24fc791c69970de9_twinkle%20plush%20thumb.avif,7
74,84,The Language of Love Series, ,https://cdn.prod.website-files.com/65d92e68000f827cfefa05e5/681e2d749dbb9d78151e4645_language%20of%20love%20thumb.avif,13
75,85,Wild but Cutie Series - Vinyl Plush Pendant, ,https://cdn.prod.website-files.com/65d92e68000f827cfefa05e5/681e2b62485ffbb66c766059_Wild%20but%20Cutie%20thumb.avif,7
76,86,Candle Whisper Series, ,https://cdn.prod.website-files.com/65d92e68000f827cfefa05e5/681e29cb7eaca82c70977435_candle%20whisper%20thumb.avif,13
77,87,POP BEAN Going Out With Me Series, ,https://cdn.prod.website-files.com/65d92e68000f827cfefa05e5/681e27904e4e2f6b5e248cb4_Going%20out%20with%20me%20thumb.avif,18
78,88,Hand in Hand Series, ,https://cdn.prod.website-files.com/65d92e68000f827cfefa05e5/681e2470ebaaed16a8a28f34_hand%20in%20hand.avif,15
79,89,Hug You Series - Plush Vinyl Pendant, ,https://cdn.prod.website-files.com/65d92e68000f827cfefa05e5/681a85c585376fa3e3cdc822_hug%20u%20thumb.avif,7
80,90,Gift For You Greeting Card Series Scene Sets, ,https://cdn.prod.website-files.com/65d92e68000f827cfefa05e5/680b9ba9534eb379771df9e8_gretting%20card.avif,13
81,91,MEGA SPACE Molly emoji？ Series, ,https://cdn.prod.website-files.com/65d92e68000f827cfefa05e5/68039eac5d447db98260185e_emoji%20thumb.avif,21
82,92,Big into Energy Series-Vinyl Plush Pendant, ,https://cdn.prod.website-files.com/65d92e68000f827cfefa05e5/68039c8db12ac6c26c9b4a3e_group%20energy%20thumb.avif,7
83,93,POP BEAN Pajama Hand Puppet Series, ,https://cdn.prod.website-files.com/65d92e68000f827cfefa05e5/67fe51213d9d6a416742da45_puppet%20hand.avif,6
84,94,POP BEAN - Pajama Cross Dressing Series, ,https://cdn.prod.website-files.com/65d92e68000f827cfefa05e5/67fbbe1014442d00a7f43470_cross%20thumb.avif,18
85,95,POP BEAN - Pajama Series, ,https://cdn.prod.website-files.com/65d92e68000f827cfefa05e5/67fae33943fd84789c9524e0_pj%20series.avif,0
86,96,Be a Little Star Series, ,https://cdn.prod.website-files.com/65d92e68000f827cfefa05e5/67f961ebe1f00bb0acd21089_be%20a%20little%20star%20thumb.avif,13
87,97,Walking Into the Forest Series Blocks, ,https://cdn.prod.website-files.com/65d92e68000f827cfefa05e5/67f153d4363f271670220fb2_popblocks%20thumb.avif,11
88,98,Echo Series, ,https://cdn.prod.website-files.com/65d92e68000f827cfefa05e5/67efb64901e714904222f17a_echo%20series%20thumb.avif,13
89,99,Animal Beanies Series, ,https://cdn.prod.website-files.com/65d92e68000f827cfefa05e5/67edabf541fd33ad11dcf984_animal%20beanies%20thumb.avif,0
90,100,Fire Liquid Series, ,https://cdn.prod.website-files.com/65d92e68000f827cfefa05e5/67e98c4ae17190d01e0ef367_fire%20liquid%20thumb.avif,0
91,101,"Liquid Heart Box 2.0 ""Black & Black"" Series", ,https://cdn.prod.website-files.com/65d92e68000f827cfefa05e5/67e98b4cf801b7bf3d08ea71_black%20heart.avif,0
92,102,The Mirage Series, ,https://cdn.prod.website-files.com/65d92e68000f827cfefa05e5/67e6b4fc7ce0f49a2c706223_mirage%20thumb.avif,10
93,103,Beanie Bubble Up Series - Vinyl Plush Pendant Series, ,https://cdn.prod.website-files.com/65d92e68000f827cfefa05e5/67e180844c59fa7d378d08d3_bubble%20thumb.avif,7
94,104,Dimoo World x Disney Series - Vinyl Plush, ,https://cdn.prod.website-files.com/65d92e68000f827cfefa05e5/67d5b0dbe10722a051bec3b1_disney%20vinyls.avif,7
95,105,Dimoo World x Disney Series, ,https://cdn.prod.website-files.com/65d92e68000f827cfefa05e5/67d5afd3b214ed85a946dcd8_disney%20thumb.avif,13
96,106,Borderline Drifter Series, ,https://cdn.prod.website-files.com/65d92e68000f827cfefa05e5/67c8c42f375521ee972e77c0_boderline%20series.avif,13
97,107,Rush Hour Series, ,https://cdn.prod.website-files.com/65d92e68000f827cfefa05e5/67b0c47352e9c6a7cf6a1439_part%20time%20thumb.avif,13
98,108,PROLOGUE SERIES, ,https://cdn.prod.website-files.com/65d92e68000f827cfefa05e5/67a7dbb33ca2444ea932a74a_tiny%20thumb.avif,13
99,109,MOLLY Daily Look Series-Sachet, ,https://cdn.prod.website-files.com/65d92e68000f827cfefa05e5/6796c3ccff8cd7fa1510ac31_bag%20charm%20thumb.avif,7
100,110,I Want A Hug Series, ,https://cdn.prod.website-files.com/65d92e68000f827cfefa05e5/6794f145ddde9f4bb0195f32_I%20want%20a%20hug%20series.avif,13
101,111,POP BEAN Macaron Dessert Series, ,https://cdn.prod.website-files.com/65d92e68000f827cfefa05e5/6793ff789aa9a7877f9fc8ca_macaron%20series.avif,15
102,112,Let's Checkmate Series, ,https://cdn.prod.website-files.com/65d92e68000f827cfefa05e5/6793fe8cecc1c80241d3783b_checkmate%20thumb.avif,0
103,113,Crying for Love Series, ,https://cdn.prod.website-files.com/65d92e68000f827cfefa05e5/678b9e448720bb0eddb56f03_cryingforlovethumb.avif,14
104,114,Baby Molly - My Huggable Discovery Series, ,https://cdn.prod.website-files.com/65d92e68000f827cfefa05e5/6796c3b1cbc4849c83db6f4d_huggable%20thumb.avif,13
105,115,Snuggle With You Series, ,https://cdn.prod.website-files.com/65d92e68000f827cfefa05e5/677bbc99894e60487bdf59dc_snuggle%20with%20you%20thumb.avif,14
