Scalpers and resellers,Long queues,Can't get item you want,Desired item out of stock,I actually enjoy the whole process!,Other
FALSE,FALSE,FALSE,FALSE,FALSE,not knowing what is inside
TRUE,TRUE,FALSE,TRUE,FALSE,N/A
FALSE,TRUE,FALSE,FALSE,FALSE,N/A
FALSE,FALSE,FALSE,FALSE,TRUE,N/A
FALSE,TRUE,TRUE,TRUE,FALSE,N/A
FALSE,FALSE,FALSE,FALSE,TRUE,N/A
FALSE,FALSE,FALSE,TRUE,FALSE,N/A
FALSE,FALSE,FALSE,FALSE,TRUE,N/A
TRUE,FALSE,FALSE,TRUE,FALSE,N/A
FALSE,FALSE,TRUE,FALSE,FALSE,N/A
FALSE,FALSE,FALSE,TRUE,FALSE,N/A
FALSE,TRUE,TRUE,FALSE,FALSE,N/A
TRUE,FALSE,FALSE,FALSE,FALSE,N/A
FALSE,TRUE,FALSE,TRUE,FALSE,N/A
TRUE,FALSE,TRUE,FALSE,FALSE,N/A
FALSE,FALSE,FALSE,FALSE,TRUE,N/A
FALSE,TRUE,FALSE,FALSE,FALSE,N/A
FALSE,TRUE,FALSE,FALSE,FALSE,N/A
FALSE,FALSE,FALSE,FALSE,TRUE,N/A
FALSE,FALSE,FALSE,FALSE,TRUE,N/A
TRUE,FALSE,FALSE,FALSE,FALSE,N/A
TRUE,TRUE,TRUE,TRUE,TRUE,Also can't get the item I want
FALSE,FALSE,TRUE,FALSE,FALSE,N/A
FALSE,TRUE,TRUE,FALSE,FALSE,N/A
TRUE,FALSE,TRUE,TRUE,FALSE,N/A
TRUE,FALSE,TRUE,TRUE,FALSE,N/A
FALSE,FALSE,TRUE,FALSE,FALSE,N/A
FALSE,TRUE,FALSE,TRUE,FALSE,N/A
FALSE,TRUE,FALSE,FALSE,FALSE,N/A
FALSE,FALSE,TRUE,FALSE,FALSE,N/A
FALSE,FALSE,FALSE,FALSE,TRUE,N/A
FALSE,FALSE,FALSE,FALSE,TRUE,N/A
TRUE,TRUE,TRUE,TRUE,FALSE,N/A
FALSE,TRUE,TRUE,TRUE,FALSE,N/A
FALSE,TRUE,FALSE,FALSE,FALSE,i guess the waste afterwards
TRUE,TRUE,FALSE,FALSE,FALSE,N/A
FALSE,FALSE,TRUE,FALSE,TRUE,N/A
FALSE,FALSE,FALSE,FALSE,FALSE,X tau haha
FALSE,FALSE,TRUE,FALSE,FALSE,N/A
FALSE,FALSE,TRUE,TRUE,FALSE,N/A
TRUE,TRUE,FALSE,FALSE,FALSE,Sometimes people would do anything to get what they wanted.
FALSE,FALSE,FALSE,FALSE,FALSE,The price
FALSE,TRUE,TRUE,TRUE,FALSE,N/A
TRUE,TRUE,TRUE,TRUE,FALSE,I'm broke
FALSE,FALSE,FALSE,FALSE,TRUE,N/A
FALSE,TRUE,FALSE,FALSE,FALSE,N/A
FALSE,FALSE,TRUE,FALSE,FALSE,N/A
TRUE,FALSE,FALSE,FALSE,FALSE,N/A
FALSE,TRUE,TRUE,FALSE,FALSE,N/A
TRUE,FALSE,FALSE,FALSE,FALSE,N/A
FALSE,FALSE,TRUE,FALSE,FALSE,N/A
FALSE,FALSE,FALSE,TRUE,FALSE,N/A
TRUE,FALSE,TRUE,TRUE,FALSE,N/A
FALSE,FALSE,TRUE,TRUE,FALSE,N/A
FALSE,FALSE,TRUE,TRUE,FALSE,N/A
TRUE,FALSE,FALSE,TRUE,FALSE,N/A
TRUE,FALSE,TRUE,TRUE,FALSE,N/A
FALSE,FALSE,FALSE,FALSE,FALSE,I don’t buy blind boxes
FALSE,TRUE,FALSE,FALSE,FALSE,N/A
TRUE,TRUE,TRUE,FALSE,FALSE,N/A
FALSE,FALSE,TRUE,FALSE,FALSE,N/A
FALSE,FALSE,FALSE,FALSE,FALSE,Seeing people who are not financially stable getting more boxes than they should have just because it is trendy.
FALSE,TRUE,FALSE,FALSE,FALSE,N/A
FALSE,TRUE,TRUE,TRUE,FALSE,Money.
FALSE,FALSE,FALSE,FALSE,FALSE,Meh
FALSE,FALSE,TRUE,TRUE,FALSE,N/A
FALSE,FALSE,TRUE,FALSE,FALSE,N/A
FALSE,FALSE,FALSE,TRUE,FALSE,N/A
TRUE,FALSE,TRUE,FALSE,FALSE,N/A
FALSE,TRUE,TRUE,TRUE,FALSE,N/A
TRUE,TRUE,FALSE,FALSE,FALSE,N/A
FALSE,FALSE,TRUE,TRUE,FALSE,N/A
TRUE,FALSE,TRUE,TRUE,FALSE,N/A
TRUE,TRUE,TRUE,TRUE,FALSE,N/A
TRUE,TRUE,FALSE,TRUE,FALSE,N/A
FALSE,FALSE,FALSE,FALSE,TRUE,N/A
FALSE,FALSE,FALSE,FALSE,TRUE,N/A
TRUE,FALSE,FALSE,TRUE,FALSE,N/A
TRUE,FALSE,FALSE,FALSE,FALSE,N/A
FALSE,TRUE,TRUE,TRUE,FALSE,N/A
